{
  "github": {
    "owner": "pkweitai",
    "repo": "x1",
    "branch": "main",
    "token": ""  
  },
  "ads": {
    "ios": {
      "banner": "ca-app-pub-3940256099942544/2934735716",
      "interstitial": "ca-app-pub-3940256099942544/4411468910",
      "rewarded": "ca-app-pub-3940256099942544/1712485313"
    },
    "android": {
      "banner": "ca-app-pub-3940256099942544/6300978111",
      "interstitial": "ca-app-pub-3940256099942544/1033173712",
      "rewarded": "ca-app-pub-3940256099942544/5224354917"
    }
  },
  "features": {
    "vipFreeTrial": true,
    "doubleXpWeekend": false
  },
  "misc": {
    "supportEmail": "support@example.com"
  }
}
