{
  "START": {
    "q": "What should we focus on now?",
    "answers": [
      { "a": "💤 Sleep",  "react": "Let’s keep it gentle—one easy win tonight.", "next": "S1a", "score": 0 },
      { "a": "🧘 Stress", "react": "We’ll calm the body first, then one tiny step.", "next": "ST1", "score": 0 },
      { "a": "🎯 Focus",  "react": "We’ll clear one blocker and start small.", "next": "F1", "score": 0 },
      { "a": "⚡ Energy", "react": "Quick lift now, protect your next hour.", "next": "E1", "score": 0 }
    ]
  },

  "S0a": {
    "q": "Welcome back! Want to keep tracking your current goal, or change it?",
    "answers": [
      { "a": "✅ Continue with current goal", "react": "Great — keeping momentum.", "next": "S1a", "score": 0 },
      { "a": "🔄 Change my goal", "react": "No problem — let’s pick a new one.", "next": "START", "score": 0 }
    ]
  },

  "S1a": {
    "q": "Quick vibe—how’s your mood?",
    "answers": [
      { "a": "😊 Great",  "react": "Love that—let’s use it to set up a solid night.", "next": "S1", "score": 6 },
      { "a": "🙂 Okay",   "react": "Alright—small tweaks can make tonight easier.", "next": "S1", "score": 2 },
      { "a": "😐 Meh",    "react": "Got it—we’ll keep it gentle and doable.", "next": "S1", "score": -4 },
      { "a": "☹️ Down",  "react": "Thanks for sharing—extra kind on yourself tonight.", "next": "S1", "score": -8 }
    ]
  },

  "S1": {
    "q": "How was last night’s sleep?",
    "answers": [
      { "a": "Late sleep",   "react": "Let’s move shutdown cues a little earlier.", "next": "S2", "score": -12 },
      { "a": "Many wakes",   "react": "We’ll reduce those night-time triggers.", "next": "S3", "score": -14 },
      { "a": "Early wake",   "react": "We’ll nudge your body clock earlier.", "next": "S2", "score": -10 },
      { "a": "Still tired",  "react": "Let’s boost sleep quality signals.", "next": "S4", "score": -8 }
    ]
  },

  "S2": {
    "q": "What might get in the way tonight?",
    "answers": [
      { "a": "Screens late", "react": "We’ll set a chill, screen-free wind-down.", "next": "S2a", "score": -10 },
      { "a": "Late drinks",  "react": "Swap in: caffeine by 2pm, no drinks 3h before bed.", "next": "S4", "score": -10 },
      { "a": "Busy mind",    "react": "Let’s park thoughts with a 3-bullet brain dump.", "next": "M1", "score": -12 },
      { "a": "Room issues",  "react": "Light, noise, and temp are high-impact—easy fixes ahead.", "next": "ENV1", "score": -8 },
      { "a": "Not sure",     "react": "No worries—let’s try the biggest wins first.", "next": "ENV1", "score": -2 }
    ]
  },

  "S2a": {
    "q": "Screens in the last hour?",
    "answers": [
      { "a": "<15 min",   "react": "Nice—keep it brief and non-interactive.", "next": "S4", "score": 8 },
      { "a": "15–45 min", "react": "Try dimming and swap to passive audio.", "next": "ENV1", "score": 0 },
      { "a": ">45 min",   "react": "Let’s set a cutoff and park devices out of reach.", "next": "ENV1", "score": -8 }
    ]
  },

  "S3": {
    "q": "What tends to wake you?",
    "answers": [
      { "a": "Noise/light", "react": "Let’s mask noise and block light consistently.", "next": "ENV1", "score": -6 },
      { "a": "Bathroom",    "react": "Ease up on liquids 2h before bed, quick bathroom before lights out.", "next": "S4", "score": -6 },
      { "a": "Snoring",     "react": "Could be a breathing thing—side-sleeping + clinician chat.", "next": "MED1", "score": -12 },
      { "a": "Anxious",     "react": "If awake >20 min, reset with a calm routine.", "next": "M1", "score": -8 }
    ]
  },

  "S4": {
    "q": "Pick a tiny win for tonight:",
    "answers": [
      { "a": "No screens",  "react": "Phone outside the room; use an analog alarm.", "next": "FIN", "score": 12 },
      { "a": "Cool/dark",   "react": "Thermostat 60–67°F, block light, add white noise.", "next": "FIN", "score": 10 },
      { "a": "No caffeine", "react": "Afternoon swap: herbal tea or water.", "next": "FIN", "score": 8 },
      { "a": "Wind-down",   "react": "Breathe → gentle stretch → read. Same order nightly.", "next": "FIN", "score": 10 },
      { "a": "Get up",      "react": "If awake >20 min: dim room, quiet activity, return when sleepy.", "next": "FIN", "score": 8 }
    ]
  },

  "ST1": {
    "q": "What’s stressing you today?",
    "answers": [
      { "a": "Work/school", "react": "We’ll lower mental load and add a bit of structure.", "next": "ST2", "score": -6 },
      { "a": "Family",      "react": "Regulate first, then chat or act.", "next": "ST2", "score": -6 },
      { "a": "Money",       "react": "Turn worries into one next step.", "next": "ST2", "score": -6 },
      { "a": "Anxiety",     "react": "Let’s do a fast down-shift first.", "next": "M1", "score": -8 }
    ]
  },

  "ST2": {
    "q": "How does it show up?",
    "answers": [
      { "a": "Tense body", "react": "We’ll do a 2-minute release.", "next": "ST3", "score": -4 },
      { "a": "Fast rate",  "react": "Let’s slow the rate with paced breathing.", "next": "ST3", "score": -6 },
      { "a": "Headache",   "react": "Gentle neck work + reduce screen glare.", "next": "ST3", "score": -6 },
      { "a": "Stomach",    "react": "Soften with slow breathing + gentle food.", "next": "ST3", "score": -6 },
      { "a": "Thoughts",   "react": "Externalize thoughts, then reset.", "next": "M1", "score": -4 }
    ]
  },

  "ST3": {
    "q": "Pick a 2–5 min reset:",
    "answers": [
      { "a": "4-7-8",         "react": "Inhale 4 • hold 7 • exhale 8 ×4.", "next": "ST4", "score": 6 },
      { "a": "Neck/shoulder", "react": "Slow rolls, gentle stretch, breathe with each move.", "next": "ST4", "score": 6 },
      { "a": "Meditation",    "react": "Eyes soft, notice breath & sounds. Gently return when distracted.", "next": "ST4", "score": 6 },
      { "a": "3 bullets",     "react": "One outcome • first step • tiny timebox.", "next": "ST4", "score": 6 },
      { "a": "Short walk",    "react": "Easy pace, count 30 slow breaths.", "next": "ST4", "score": 6 }
    ]
  },

  "ST4": {
    "q": "Lock one boundary for the next hour:",
    "answers": [
      { "a": "Silence phone", "react": "Turn on Do Not Disturb and flip the phone face-down.", "next": "FIN", "score": 6 },
      { "a": "Single-task",   "react": "Pick one task. Close the rest.", "next": "FIN", "score": 6 },
      { "a": "Micro break",   "react": "25/5 timer—stand on the break.", "next": "FIN", "score": 6 },
      { "a": "Quick tidy",    "react": "60-second desk tidy. Just the area you see.", "next": "FIN", "score": 6 }
    ]
  },

  "F1": {
    "q": "What’s blocking focus?",
    "answers": [
      { "a": "Phone/notifs", "react": "We’ll shrink the pull right now.", "next": "F2", "score": -8 },
      { "a": "Too many",     "react": "We’ll make it tiny and start.", "next": "F3", "score": -6 },
      { "a": "Low drive",    "react": "A super small start breaks inertia.", "next": "F4", "score": -6 },
      { "a": "Noise",        "react": "Let’s control sound and visual clutter.", "next": "ENV2", "score": -6 }
    ]
  },

  "F2": {
    "q": "Quick friction fix?",
    "answers": [
      { "a": "DND 25m",     "react": "Turn on DND and put phone out of reach.", "next": "F5", "score": 6 },
      { "a": "Phone away",  "react": "Other room or a drawer works great.", "next": "F5", "score": 6 },
      { "a": "Close tabs",  "react": "One window only for this block.", "next": "F5", "score": 6 },
      { "a": "Site blocker","react": "Flip on a site/app blocker for this session.", "next": "F5", "score": 6 }
    ]
  },

  "F3": {
    "q": "How shrink the pile?",
    "answers": [
      { "a": "One task",   "react": "Smallest step that moves the goal.", "next": "F5", "score": 6 },
      { "a": "Top 3",      "react": "Write them and circle the first.", "next": "F5", "score": 6 },
      { "a": "25/5",       "react": "25 minutes, one clear outcome.", "next": "F5", "score": 6 },
      { "a": "Delegate one","react": "Move one task off today’s plate.", "next": "F5", "score": 6 }
    ]
  },

  "F4": {
    "q": "Tiny start that feels doable:",
    "answers": [
      { "a": "Open app",    "react": "Open it and read the first line.", "next": "F5", "score": 6 },
      { "a": "One sentence","react": "Messy is perfect—no editing.", "next": "F5", "score": 6 },
      { "a": "Skim 2m",     "react": "Skim headings, note one question.", "next": "F5", "score": 6 },
      { "a": "Breathe 1m",  "react": "10 slow breaths, then begin.", "next": "F5", "score": 6 }
    ]
  },

  "F5": {
    "q": "Protect the next 25–50 min:",
    "answers": [
      { "a": "One outcome", "react": "Write it on a sticky or note.", "next": "FIN", "score": 6 },
      { "a": "Break 25",    "react": "Stand, stretch, sip water.", "next": "FIN", "score": 6 },
      { "a": "One window",  "react": "One app, one thing. That’s it.", "next": "FIN", "score": 6 },
      { "a": "Headphones",  "react": "Neutral ambient sound works great.", "next": "FIN", "score": 6 }
    ]
  },

  "E1": {
    "q": "How’s your energy now?",
    "answers": [
      { "a": "Very low", "react": "We’ll do a quick reset—gentle and kind.", "next": "E2", "score": -8 },
      { "a": "Okay",     "react": "Let’s nudge it up a bit.", "next": "E2", "score": -2 },
      { "a": "Good",     "react": "Nice—let’s use that window well.", "next": "E3", "score": 4 }
    ]
  },

  "E2": {
    "q": "Pick a quick boost:",
    "answers": [
      { "a": "5m walk",    "react": "Stand now, slow shoulder rolls, then walk.", "next": "E4", "score": 8 },
      { "a": "Water/snack","react": "Full glass + protein + fruit.", "next": "E4", "score": 8 },
      { "a": "Sunlight",   "react": "Face natural light for 3–5 minutes.", "next": "E4", "score": 8 },
      { "a": "NSDR 5–10",  "react": "Lie back, slow breathing, eyes closed.", "next": "E4", "score": 8 }
    ]
  },

  "E3": {
    "q": "Use your energy well:",
    "answers": [
      { "a": "Focus sprint",  "react": "One outcome, 30-minute timer.", "next": "FIN", "score": 6 },
      { "a": "Plan break",    "react": "Block a 5-minute walk after.", "next": "FIN", "score": 6 },
      { "a": "Protein snack", "react": "Place it within reach now.", "next": "FIN", "score": 6 },
      { "a": "Posture check", "react": "Chair height + screens to eye level.", "next": "FIN", "score": 6 }
    ]
  },

  "E4": {
    "q": "Keep the lift for the next hour:",
    "answers": [
      { "a": "Stand 20–30", "react": "Timer on, take 10 slow breaths when you stand.", "next": "FIN", "score": 4 },
      { "a": "Ambient audio","react": "Non-lyrical sound helps focus.", "next": "FIN", "score": 4 },
      { "a": "Water handy",  "react": "Water bottle right by you.", "next": "FIN", "score": 4 },
      { "a": "Snack ready",  "react": "Small protein snack nearby.", "next": "FIN", "score": 4 }
    ]
  },

  "ENV1": {
    "q": "Bedroom quick fix for tonight:",
    "answers": [
      { "a": "Eye mask",   "react": "Dark room or comfy eye mask.", "next": "FIN", "score": 6 },
      { "a": "White noise","react": "Steady masking noise or earplugs.", "next": "FIN", "score": 6 },
      { "a": "Cool room",  "react": "Lower temp or lighten bedding.", "next": "FIN", "score": 6 },
      { "a": "Cover LEDs", "react": "Cover bright LEDs and clear surfaces.", "next": "FIN", "score": 6 }
    ]
  },

  "ENV2": {
    "q": "Workspace quick fix now:",
    "answers": [
      { "a": "Headphones", "react": "Neutral sound, less distraction.", "next": "FIN", "score": 6 },
      { "a": "Desk tidy",  "react": "Only what you need stays.", "next": "FIN", "score": 6 },
      { "a": "Sit/stand",  "react": "Switch posture, slow shoulder rolls.", "next": "FIN", "score": 6 },
      { "a": "Face away",  "react": "Turn your chair to reduce visual pull.", "next": "FIN", "score": 6 }
    ]
  },

  "M1": {
    "q": "Which mind tool fits now?",
    "answers": [
      { "a": "Brain dump",       "react": "Three quick bullets—no editing.", "next": "FIN", "score": 6 },
      { "a": "Breathing 3m",     "react": "Slow exhale, count along, soften shoulders.", "next": "FIN", "score": 6 },
      { "a": "NSDR audio",       "react": "Eyes closed, follow the audio and drift.", "next": "FIN", "score": 10 },
      { "a": "Cognitive shuffle","react": "Cycle through random safe images for 2–3 min.", "next": "FIN", "score": 6 }
    ]
  },

  "MED1": {
    "q": "Any of these breathing sleep signs?",
    "answers": [
      { "a": "Loud snoring", "react": "Side-sleeping helps; also worth a clinician chat.", "next": "FIN", "score": -12 },
      { "a": "Breath pauses","react": "Good idea to get a proper screening.", "next": "FIN", "score": -12 },
      { "a": "AM headaches", "react": "Flag it with a clinician and track nights.", "next": "FIN", "score": -8 },
      { "a": "None",         "react": "Focus on timing, light, noise, and temp.", "next": "FIN", "score": 0 }
    ]
  },

  "FIN": {
    "q": "Ready to lock your mini-plan?",
    "answers": [
      { "a": "Lock it", "react": "Awesome. You’ve got this for the next block.", "next": null, "score": 12 },
      { "a": "Not now", "react": "All good. Pause here and come back when ready.", "next": null, "score": -10 }
    ]
  }
}
